total_loss,pred_loss,policy_loss,sigreg_loss
0.034850530326366425,1.7483166629972402e-06,13.531366348266602,1.7424392700195312
0.02740325592458248,5.775701720267534e-05,36.278236389160156,1.3672749996185303
0.024919429793953896,6.233993190107867e-06,62.53047561645508,1.2456598281860352
0.022956037893891335,2.0489860617090017e-05,13.113969802856445,1.1467775106430054
0.021794192492961884,2.0248118744348176e-05,122.109130859375,1.0886971950531006
0.021454811096191406,1.2447042536223307e-05,371.2919921875,1.0721182823181152
0.021416541188955307,3.283881142124301e-06,1.8841259479522705,1.0706628561019897
0.021373383700847626,7.5219140853732824e-06,34.27534866333008,1.0682930946350098
0.021246010437607765,1.075814179785084e-05,24.496017456054688,1.0617625713348389
0.021069904789328575,6.284709343162831e-06,289.2964782714844,1.0531810522079468
0.02092903107404709,5.842053269589087e-06,12.096869468688965,1.0461595058441162
0.02082114666700363,3.4747579320537625e-06,35.692359924316406,1.0408836603164673
0.02072872966527939,2.8760496206814423e-06,45.57645034790039,1.0362926721572876
0.020618265494704247,4.118776814721059e-06,41.97910690307617,1.0307073593139648
0.02048688940703869,3.067497345909942e-06,44.01216506958008,1.02419114112854
0.020365357398986816,3.0138705824356293e-06,64.40792846679688,1.0181171894073486
0.02025814913213253,3.3148357942991424e-06,64.67211151123047,1.0127416849136353
0.02017885632812977,1.7801351077650907e-06,14.038416862487793,1.008853793144226
0.020142056047916412,2.0540635432553245e-06,59.835182189941406,1.0070000886917114
0.02012069895863533,1.4088830084801884e-06,0.21637341380119324,1.0059645175933838
0.020103784278035164,1.8231221474707127e-06,32.310081481933594,1.0050981044769287
0.020104816183447838,1.6410078842454823e-06,121.819091796875,1.00515878200531
0.02010439895093441,1.088188241737953e-06,25.09024429321289,1.0051655769348145
0.020094841718673706,1.4569674249287345e-06,82.18605041503906,1.0046693086624146
0.02009195275604725,9.264037998946151e-07,2.5873334407806396,1.0045514106750488
0.02007201500236988,8.399559305871662e-07,81.96110534667969,1.0035587549209595
0.0200576763600111,7.642141781616374e-07,1451.8173828125,1.0028456449508667
0.020048558712005615,8.63710738485679e-07,47.769283294677734,1.0023847818374634
0.020035604014992714,6.227728022167867e-07,41.41245651245117,1.0017491579055786
0.02002398669719696,7.556785703854985e-07,74.99608612060547,1.0011615753173828
0.020017435774207115,6.165637387312017e-07,1.4275813102722168,1.0008410215377808
0.020004168152809143,4.871341161560849e-07,70.8040542602539,1.0001840591430664
0.019992686808109283,4.847183276979194e-07,63.97704315185547,0.9996101260185242
0.01998063549399376,5.056730287833489e-07,110.08627319335938,0.9990065693855286
0.019977090880274773,4.5220446054372587e-07,47.0429573059082,0.9988319277763367
0.019975511357188225,4.240459361426474e-07,16.493927001953125,0.9987543821334839
0.019965525716543198,3.6654699897553655e-07,55.84619140625,0.9982579946517944
0.019959937781095505,4.1357179725309834e-07,0.5302983522415161,0.9979762434959412
0.019959507510066032,3.0515747084791656e-07,27.016958236694336,0.997960090637207
0.01994863711297512,2.9093905595800607e-07,50.66132354736328,0.9974173903465271
0.01995588093996048,3.114088826805528e-07,48.601680755615234,0.9977784752845764
0.01994997449219227,2.2164380197864375e-07,2.8469552993774414,0.9974876642227173
0.019938364624977112,1.9077808133260987e-07,0.16403579711914062,0.9969087243080139
0.019935287535190582,2.129342959733549e-07,53.948123931884766,0.9967537522315979
0.019942322745919228,2.020492928522799e-07,1.760913372039795,0.99710613489151
0.019931284710764885,1.8203249396719912e-07,1406.117919921875,0.9965551495552063
0.019946249201893806,1.5671948006001912e-07,2.5866613388061523,0.9973046183586121
0.01993918977677822,2.139803427780862e-07,1.6653164625167847,0.9969488382339478
0.019938629120588303,1.215174449953338e-07,0.781375527381897,0.996925413608551
0.019943131133913994,8.931272077461472e-08,30.586606979370117,0.9971520900726318
0.01993725635111332,1.6318648476953967e-07,398.43084716796875,0.9968546032905579
0.019940605387091637,1.2982846442355367e-07,78.22798156738281,0.9970237612724304
0.019929606467485428,9.694082336864085e-08,813.9962158203125,0.9964754581451416
0.019931327551603317,9.65490016824333e-08,156.49822998046875,0.9965615272521973
0.019935093820095062,1.1578783443155771e-07,16.97181510925293,0.9967489242553711
0.019933750852942467,1.2509340763244836e-07,107.55354309082031,0.9966813325881958
0.019929509609937668,7.664719703370793e-08,1.184029221534729,0.996471643447876
0.019916139543056488,7.99136472551254e-08,37.95973205566406,0.9958029985427856
0.019911237061023712,7.654178801885791e-08,0.09814540296792984,0.9955580830574036
0.019922539591789246,9.547281365485105e-08,0.09462828189134598,0.9961222410202026
0.019921481609344482,8.199106815709456e-08,0.531652569770813,0.9960700273513794
0.019912956282496452,6.133001306807273e-08,845.1965942382812,0.995644748210907
0.019917678087949753,6.863378132493381e-08,5.395850658416748,0.9958804845809937
0.019914111122488976,8.652118310692458e-08,42.109519958496094,0.9957013130187988
0.019944796338677406,5.239390432620894e-08,18.933256149291992,0.9972372055053711
0.01992853917181492,6.392885154582473e-08,43.09358596801758,0.9964237809181213
0.019924204796552658,5.6285827554347634e-08,0.17045271396636963,0.9962074756622314
0.019915198907256126,5.146687698243113e-08,1345.279052734375,0.9957573413848877
0.019911393523216248,5.5816702371203064e-08,42.49150466918945,0.9955669045448303
0.01991107314825058,5.699135385839327e-08,6.388551712036133,0.9955507516860962
0.019905874505639076,6.929566609414906e-08,98.98120880126953,0.9952903389930725
0.019908901304006577,6.713031552862958e-08,98.83060455322266,0.995441734790802
0.019910352304577827,5.152193693902518e-08,65.56037139892578,0.9955150485038757
0.01991468481719494,4.049133295325191e-08,67.37480163574219,0.9957322478294373
0.019916316494345665,4.664732955461659e-08,38.677398681640625,0.9958135485649109
0.019903341308236122,4.2960575541428625e-08,108.12594604492188,0.9951649308204651
0.019896864891052246,7.766917065055168e-08,7.559500217437744,0.9948393106460571
0.019907133653759956,2.5984011386981365e-08,13.448634147644043,0.9953553676605225
0.019901670515537262,5.1929269773154374e-08,47.90110397338867,0.9950809478759766
0.019897175952792168,5.068574893130062e-08,58.98561477661133,0.9948562979698181
0.01992560736835003,3.857499919490692e-08,43.47822189331055,0.9962784647941589
0.019909193739295006,3.981646656825433e-08,94.9757308959961,0.9954577088356018
0.019904347136616707,6.497546678474464e-08,22.012868881225586,0.9952141046524048
0.01990349404513836,2.9452914773742123e-08,18.322294235229492,0.9951732754707336
0.019899843260645866,5.24454932815388e-08,0.7885702848434448,0.9949895739555359
0.019884053617715836,5.243865786042079e-08,14.966729164123535,0.9942000508308411
0.0199101772159338,4.334162184704837e-08,3.6567862033843994,0.9955067038536072
0.019892344251275063,2.606304505547996e-08,47.62446212768555,0.994615912437439
0.019904974848031998,8.00795731947801e-08,232.73912048339844,0.9952447414398193
0.019904647022485733,6.244528805154914e-08,78.97003173828125,0.995229184627533
0.019905593246221542,6.864923562943659e-08,32.68666076660156,0.9952762722969055
0.019887926056981087,6.038177957634616e-08,1342.3048095703125,0.9943933486938477
0.019901247695088387,7.288802805760497e-08,2659.4189453125,0.9950587749481201
0.01989465020596981,3.792176883621323e-08,15.276647567749023,0.9947307109832764
0.019887421280145645,5.440939787604293e-08,23.458576202392578,0.9943683743476868
0.01989389955997467,3.983820207054123e-08,80.40288543701172,0.9946930408477783
0.019903728738427162,6.126506946202426e-08,84.17623138427734,0.9951834082603455
0.019902480766177177,3.097826350995092e-08,27.189193725585938,0.995122492313385
0.019895540550351143,5.0759879854922474e-08,555.5791625976562,0.9947745203971863
0.019900966435670853,5.4585967745879316e-08,0.29398155212402344,0.9950456023216248
0.019888244569301605,1.1159492885326472e-07,13.918525695800781,0.9944066405296326
0.01988174207508564,9.487453667134105e-08,30.21880340576172,0.9940823316574097
0.019890211522579193,4.3408462602201325e-08,16.945898056030273,0.9945084452629089
0.019875286146998405,6.918345007989046e-08,22.496423721313477,0.993760883808136
0.019912125542759895,5.800915658937811e-08,15.034453392028809,0.9956034421920776
0.019912926480174065,5.402482727845381e-08,10.133801460266113,0.9956436157226562
0.019895853474736214,7.427178871921569e-08,18.873519897460938,0.9947889447212219
0.019875511527061462,3.306866602770242e-08,5.815623760223389,0.9937739372253418
0.01988031156361103,5.5415370070477366e-08,25.311908721923828,0.9940128326416016
0.019870806485414505,4.4807247689959695e-08,15.656588554382324,0.9935381412506104
0.019870638847351074,5.1934598843672575e-08,32.313819885253906,0.9935293197631836
0.019888879731297493,4.501796979639039e-08,1380.1973876953125,0.9944417476654053
0.01988399028778076,6.857825951556151e-08,1.2701386213302612,0.9941961169242859
0.019855011254549026,7.275039592968824e-08,19.37510871887207,0.9927469491958618
0.01986127346754074,6.412057018678752e-08,25.613330841064453,0.9930605292320251
0.01986120082437992,5.376059064587935e-08,40.18765640258789,0.993057370185852
0.01984831504523754,6.682761011234106e-08,53.778953552246094,0.9924124479293823
0.01983879879117012,8.159705089383351e-08,0.4210558533668518,0.9919359087944031
0.019850756973028183,3.5369488671221916e-08,2.8575947284698486,0.9925361275672913
0.0198463574051857,4.564848055110815e-08,27.182323455810547,0.9923155903816223
0.019838055595755577,5.8693203186521714e-08,31.570615768432617,0.9918997883796692
0.019842039793729782,5.844217554340503e-08,35.84965515136719,0.9920991659164429
0.019846204668283463,5.0583022215278106e-08,2.9394774436950684,0.992307722568512
0.01985241286456585,5.978425576813606e-08,0.5767478942871094,0.992617666721344
0.019864974543452263,3.996221664692712e-08,675.8106689453125,0.9932467937469482
0.019790420308709145,6.42066453337975e-08,32.57766342163086,0.989517867565155
0.01982531137764454,5.1071015860770785e-08,38.67918014526367,0.9912630915641785
0.019850997254252434,6.057982204765722e-08,112.4607925415039,0.9925468564033508
0.019850071519613266,7.400433332804823e-08,67.73799896240234,0.992499828338623
0.01984029822051525,8.446600219258471e-08,1336.7073974609375,0.992010772228241
0.019809842109680176,1.032624155072881e-07,0.1113056018948555,0.9904869794845581
0.01980634219944477,7.556320724688703e-08,9.283048629760742,0.9903133511543274
0.019804107025265694,6.801055718597127e-08,18.200550079345703,0.9902018904685974
0.019806813448667526,4.749657378511074e-08,10.72287654876709,0.9903383255004883
0.019803734496235847,6.750788372755778e-08,10.861632347106934,0.990183413028717
0.019796019420027733,7.870244900232137e-08,31.116968154907227,0.9897971153259277
0.019849738106131554,8.64650218090901e-08,17.141441345214844,0.992482602596283
0.01981227472424507,1.0826677510067384e-07,12.293766021728516,0.9906083345413208
0.01977650076150894,9.111057863719907e-08,46.00471496582031,0.988820493221283
0.01981109194457531,1.3412983435046044e-07,6.989911079406738,0.9905478954315186
0.01979605294764042,1.0250525406263478e-07,0.003959231078624725,0.9897975921630859
0.019785819575190544,9.581448523476865e-08,48.96126174926758,0.9892862439155579
0.019780628383159637,1.1177823466823611e-07,15.834650039672852,0.989025890827179
0.01976039446890354,5.225164301236873e-08,11.3460693359375,0.9880171418190002
0.019814379513263702,8.916022409266589e-08,10.399641990661621,0.9907144904136658
0.019800765439867973,7.479959407419301e-08,2.160320520401001,0.9900345802307129
0.01976162940263748,8.55964472634696e-08,2.441287040710449,0.9880772233009338
0.01975027658045292,1.143641199519152e-07,9.519946098327637,0.9875081777572632
0.01973491534590721,1.2119937764509814e-07,44.63206481933594,0.9867397546768188
0.019734811037778854,7.026102366580744e-08,10.002861976623535,0.9867370128631592
0.019713478162884712,9.767585140707524e-08,7.006565093994141,0.9856690764427185
0.019724084064364433,2.098458082855359e-07,275.5406799316406,0.9861936569213867
0.019755125045776367,1.0012394824343573e-07,5.051036357879639,0.9877512454986572
0.019741130992770195,8.949216123710357e-08,6.122259140014648,0.9870520830154419
0.019735267385840416,1.2794714621122694e-07,1.0682101249694824,0.9867569208145142
0.019725510850548744,9.146613422217342e-08,5.643800258636475,0.9862709641456604
0.019738981500267982,1.386445092066424e-07,556.67529296875,0.9869421720504761
0.019718758761882782,1.2283410910640669e-07,36.80606460571289,0.9859318137168884
0.019706683233380318,1.2833396567657473e-07,19.696001052856445,0.9853277206420898
0.019733762368559837,7.810760394022509e-08,1.876287817955017,0.9866842031478882
0.019752807915210724,1.6147117776199593e-07,1.3157720565795898,0.9876323342323303
0.019688434898853302,1.0688948748338589e-07,8.506020545959473,0.9844164252281189
0.019723089411854744,1.760543284490268e-07,4.005919933319092,0.9861456155776978
0.01970963552594185,1.590134672824206e-07,19.390640258789062,0.9854738712310791
0.01964888907968998,1.8958337477670284e-07,9.490893363952637,0.9824349880218506
0.019667016342282295,1.414765051777067e-07,5.62320613861084,0.9833437204360962
0.01963864453136921,2.1658229343302082e-07,9.916642011376098e-05,0.9819214344024658
0.019603488966822624,1.7636540405874257e-07,0.1682208627462387,0.9801656007766724
0.01966339349746704,2.6294799226889154e-07,4.6321234703063965,0.9831565618515015
0.01959463581442833,2.6216184778604656e-07,1313.4971923828125,0.9797186851501465
0.019620763137936592,2.973331447719829e-07,31.118539810180664,0.9810233116149902
0.01955622248351574,2.1057343246866367e-07,9.56206226348877,0.9778006672859192
0.019593218341469765,2.1881440659399232e-07,47.1322135925293,0.97965008020401
0.01954318769276142,3.1160647040451295e-07,17.081649780273438,0.9771438837051392
0.019539019092917442,3.065017608605558e-07,1330.81494140625,0.9769355654716492
0.019585875794291496,3.7720280943176476e-07,8.577157020568848,0.9792748689651489
0.019542036578059196,3.555175851488457e-07,8.077909469604492,0.9770841002464294
0.019360525533556938,3.8879079511389136e-07,19.197446823120117,0.9680067896842957
0.01942799612879753,3.229826006645453e-07,11.093982696533203,0.9713836908340454
0.019379200413823128,2.6231197125525796e-07,4.12053108215332,0.9689469337463379
0.01944895088672638,4.823564836442529e-07,1.4433377981185913,0.9724234342575073
0.019320964813232422,3.626961415648111e-07,5.587640285491943,0.9660300612449646
0.0192422978579998,4.6085142457741313e-07,6.720608711242676,0.9620919227600098
0.01923123374581337,5.441081043500162e-07,15.276779174804688,0.9615345597267151
0.019386935979127884,5.888879854865081e-07,27.360347747802734,0.9693174362182617
0.019302817061543465,7.574424216727493e-07,3.48345947265625,0.9651029706001282
0.01934361830353737,9.099440489990229e-07,18.17868423461914,0.9671353697776794
0.019087329506874084,7.860278401494725e-07,24.81766128540039,0.9543272256851196
0.019087696447968483,9.499105999566382e-07,9.042399406433105,0.9543373584747314
0.01904408261179924,1.250182094736374e-06,13.696196556091309,0.9521416425704956
0.0190983135253191,1.1315148640278494e-06,19.01763153076172,0.95485919713974
0.018762191757559776,1.6789383607829222e-06,4.514503479003906,0.938025712966919
0.019170142710208893,2.113730715791462e-06,9.68576717376709,0.9584014415740967
0.018693814054131508,1.6548411849726108e-06,20.692811965942383,0.934607982635498
0.018408607691526413,3.401078856768436e-06,4.183769702911377,0.9202603697776794
0.018392836675047874,2.991674818986212e-06,6.376979351043701,0.919492244720459
0.017832433804869652,3.9219494283315726e-06,8.588043212890625,0.891425609588623
0.017686041072010994,7.608226951560937e-06,2.7795968055725098,0.8839216232299805
0.01894424483180046,1.099420478567481e-05,4.406662464141846,0.9466626048088074
0.02300341986119747,1.3645484614244197e-05,6.259323596954346,1.1494886875152588
0.016886020079255104,1.3228169336798601e-05,15.09445571899414,0.843639612197876
0.020587434992194176,1.392919057252584e-05,5.057973861694336,1.0286753177642822
0.01619572751224041,1.4072576959733851e-05,5.527998447418213,0.8090827465057373
0.018830399960279465,1.7123500583693385e-05,4.230826377868652,0.9406638145446777
0.017419299110770226,9.475164915784262e-06,1.7023440599441528,0.8704912066459656
0.01789950765669346,1.5667374100303277e-05,0.6860772371292114,0.894192099571228
0.017272934317588806,2.0392715669004247e-05,536.3477172851562,0.8626271486282349
0.017037129029631615,2.6012377929873765e-05,9.201035499572754,0.8505558967590332
0.021166538819670677,1.5700368749094196e-05,4.914808750152588,1.0575419664382935
0.01759367063641548,2.389744986430742e-05,5.12504768371582,0.8784886598587036
0.01840927265584469,2.8596728952834383e-05,9.140439987182617,0.9190338253974915
0.01832166686654091,2.14148767554434e-05,0.008323297835886478,0.9150125980377197
0.017859963700175285,2.3917309590615332e-05,8.88679027557373,0.8918022513389587
0.017545031383633614,3.7472669646376744e-05,2.223424196243286,0.8753779530525208
0.018178796395659447,2.993183625221718e-05,2.6481845378875732,0.9074432253837585
0.01654224283993244,2.2672906197840348e-05,0.241979718208313,0.8259785771369934
0.017062870785593987,4.325512782088481e-05,0.12866687774658203,0.8509808778762817
0.016251079738140106,3.533983544912189e-05,4.938093662261963,0.8107869625091553
0.01728922873735428,4.372396506369114e-05,6.810147285461426,0.862275242805481
0.01686696521937847,5.045003490522504e-05,3.43652606010437,0.8408257961273193
0.014404251240193844,7.854657451389357e-05,0.7344641089439392,0.716285228729248
0.014429097063839436,7.490950520150363e-05,1357.6871337890625,0.7177094221115112
0.014994753524661064,8.271804836113006e-05,8.354257583618164,0.7456017732620239
0.014937722124159336,5.678799789166078e-05,11.96175765991211,0.744046688079834
0.02052590623497963,8.956700912676752e-05,13.199480056762695,1.0218169689178467
0.018693407997488976,6.227376434253529e-05,5.403141975402832,0.9315567016601562
0.018913740292191505,3.475694029475562e-05,6.076112270355225,0.9439492225646973
0.017037777230143547,3.9338789065368474e-05,10.13083553314209,0.8499218821525574
0.02143944427371025,5.4000171076040715e-05,5.665668487548828,1.0692722797393799
0.016664348542690277,4.561922833090648e-05,10.156868934631348,0.8309364914894104
0.016903193667531013,5.800334474770352e-05,8.15062427520752,0.8422595262527466
0.020049121230840683,3.399735942366533e-05,3.84375,1.0007562637329102
0.019272832199931145,5.259987301542424e-05,4.8766961097717285,0.9610116481781006
0.017349552363157272,5.340489587979391e-05,19.24315643310547,0.8648073673248291
0.02058352716267109,5.791132207377814e-05,6.278146743774414,1.0262807607650757
0.020958565175533295,2.8086320526199415e-05,0.35410115122795105,1.046523928642273
0.01823347806930542,3.601737989811227e-05,13.30156421661377,0.9098730087280273
0.017865540459752083,5.7031415053643286e-05,6.528255462646484,0.890425443649292
0.018738867715001106,7.132472819648683e-05,13.879457473754883,0.933377206325531
0.018953906372189522,3.8626672903774306e-05,2.2934165000915527,0.9457639455795288
0.018534526228904724,2.202727773692459e-05,4.278871536254883,0.9256249666213989
0.01793382130563259,2.638922887854278e-05,0.511425793170929,0.8953716158866882
0.017985401675105095,4.026133683510125e-05,2.7155258655548096,0.8972570896148682
0.018814722076058388,5.045480793341994e-05,4.283649921417236,0.9382133483886719
0.019478632137179375,5.501719351741485e-05,17.301898956298828,0.97118079662323
0.01839924417436123,5.361919465940446e-05,6.137441635131836,0.9172812104225159
0.01612808369100094,5.623005563393235e-05,5.920405387878418,0.8035926818847656
0.01547254528850317,4.428173997439444e-05,10.603806495666504,0.7714132070541382
0.016805123537778854,4.780359813594259e-05,14.991942405700684,0.8378660678863525
0.01807462051510811,3.519078018143773e-05,3.595684051513672,0.9019714593887329
0.01824323460459709,2.924295586126391e-05,9.406947135925293,0.9106995463371277
0.016290422528982162,5.555624375119805e-05,0.8677152395248413,0.8117432594299316
0.016212046146392822,8.568240446038544e-05,0.31978973746299744,0.8063182830810547
0.015886783599853516,7.04354461049661e-05,6.434598445892334,0.790817379951477
0.01583990454673767,7.480662316083908e-05,20.64940071105957,0.7882549166679382
0.01450391486287117,0.00011697769514285028,2.178175687789917,0.7193468809127808
0.013299458660185337,0.00011952715431107208,1343.791748046875,0.65899658203125
0.014962105080485344,0.0001229399786097929,26.28413200378418,0.7419582605361938
0.01429313700646162,0.00010302034934284166,669.4022216796875,0.7095058560371399
0.016141923144459724,8.426167914876714e-05,41.8911247253418,0.8028830289840698
0.014249959960579872,0.00012037961278110743,24.854162216186523,0.706479012966156
0.014220274984836578,0.00013410663814283907,59.40943145751953,0.7043084502220154
0.014210188761353493,0.00012995616998523474,22.01372528076172,0.7040116786956787
0.013991428539156914,0.0001563446130603552,2.400611639022827,0.6917542219161987
0.00829710066318512,0.000259381253272295,7.494802951812744,0.4018859565258026
0.008691691793501377,0.00031439142185263336,1.2432698011398315,0.41886505484580994
0.00930674746632576,0.0003147846437059343,0.8267960548400879,0.44959819316864014
0.010200640186667442,0.00024893449153751135,0.6753624677658081,0.4975852966308594
0.011996679939329624,0.0002656658471096307,0.8445425033569336,0.5865507125854492
0.014463811181485653,0.00038886169204488397,1.8658374547958374,0.7037475109100342
0.009227139875292778,0.00030871847411617637,3.5656707286834717,0.4459210932254791
0.008709571324288845,0.000232098187552765,0.4372192621231079,0.4238736629486084
0.012703638523817062,0.00018397044914308935,6.002524375915527,0.6259834170341492
0.010978047735989094,0.00023279755259864032,0.7090795040130615,0.5372625589370728
0.012716217897832394,0.00027099193539470434,697.2064819335938,0.6222613453865051
0.015663720667362213,0.00018349997117184103,3.578920364379883,0.7740110158920288
0.021095022559165955,9.981451876228675e-05,10.278762817382812,1.049760341644287
0.015370529145002365,0.00018621976778376848,17.19630241394043,0.7592154741287231
0.013067001476883888,0.00020296924049034715,1266.8477783203125,0.6432015895843506
0.01634960062801838,0.00015665244427509606,4.331785678863525,0.8096474409103394
0.021835139021277428,0.0001351118553429842,10.954362869262695,1.0850013494491577
0.011244116351008415,0.00019814143888652325,5.857512950897217,0.5522987246513367
0.01565089076757431,0.00028747806209139526,301.743896484375,0.7681705951690674
0.020054854452610016,0.0001614987413631752,0.9452983140945435,0.9946677684783936
0.013173520565032959,0.0001450589334126562,28.58466911315918,0.6514230966567993
0.017309661954641342,0.00012224409147165716,7.449306011199951,0.8593709468841553
0.021073147654533386,8.597865962656215e-05,4.605893611907959,1.0493584871292114
0.019740397110581398,5.785027315141633e-05,12.193671226501465,0.984127402305603
0.01728479005396366,6.38993369648233e-05,58.550621032714844,0.8610445261001587
0.015284726396203041,6.218870112206787e-05,3.639103412628174,0.7611268758773804
0.014593166299164295,8.666291978443041e-05,10.417206764221191,0.7253251671791077
0.015537167899310589,7.78537942096591e-05,122.29266357421875,0.7729657292366028
0.016148438677191734,3.843288141069934e-05,5.2526092529296875,0.8055003881454468
0.015078645199537277,5.161849549040198e-05,1.1969844102859497,0.7513513565063477
0.012164173647761345,6.105938518885523e-05,4.711522579193115,0.6051557064056396
0.01171794906258583,6.130916881375015e-05,29.789512634277344,0.5828320384025574
0.013707997277379036,7.709910278208554e-05,8.568829536437988,0.6815448999404907
0.014991316944360733,8.509695180691779e-05,4.469029903411865,0.7453110218048096
0.0120776928961277,0.00011295624426566064,1.8857686519622803,0.5982368588447571
0.012219852767884731,0.00015070450899656862,7.951038360595703,0.6034573912620544
0.01035330444574356,0.00032375252339988947,3.545567035675049,0.5014775991439819
0.009355470538139343,0.00034466051147319376,25.891977310180664,0.45054054260253906
0.008690118789672852,0.0003065536729991436,3.7864115238189697,0.419178307056427
0.007081815041601658,0.000837855739519,0.3423709571361542,0.3121979534626007
0.007787706796079874,0.0003888566861860454,1.3705124855041504,0.3699425160884857
0.029550708830356598,0.0004211164196021855,24.74518585205078,1.4564796686172485
0.008265769109129906,0.0006506152567453682,2.764388084411621,0.3807576894760132
0.015134467743337154,0.0007015817100182176,14.587133407592773,0.7216442823410034
0.00937708094716072,0.00032482435926795006,0.02503787726163864,0.45261287689208984
0.01468350924551487,0.0005965579766780138,2.373708486557007,0.7043476104736328
0.010255180299282074,0.0003230129659641534,0.8585715293884277,0.49660834670066833
0.009464883245527744,0.0003571260313037783,9.99916934967041,0.4553878903388977
0.010084846056997776,0.00034942099591717124,2573.63232421875,0.48677125573158264
0.0115169333294034,0.00018491041555535048,8.975693702697754,0.5666011571884155
0.00877513736486435,0.00019401678582653403,128.64935302734375,0.4290560185909271
0.012764912098646164,0.00020340261107776314,62.97957992553711,0.6280754804611206
0.01358448900282383,0.0003209080605302006,4.9560866355896,0.6631790995597839
0.0048005590215325356,0.0004443837096914649,2.2390356063842773,0.21780875325202942
0.010860519483685493,0.000443555589299649,28.278593063354492,0.5208482146263123
0.005774358287453651,0.0005027066799812019,25.070737838745117,0.26358258724212646
0.010100887157022953,0.0009250383009202778,3.617037534713745,0.45879244804382324
0.014044210314750671,0.0006142965867184103,3.789926052093506,0.6714956760406494
0.022657189518213272,0.0003674322506412864,1.8803400993347168,1.114487886428833
0.012847834266722202,0.00036589696537703276,6.774097442626953,0.6240968704223633
0.01240924745798111,0.0003556550364010036,0.0007393851992674172,0.6026796102523804
0.022423185408115387,0.00030695649911649525,5.654995918273926,1.1058114767074585
0.022111276164650917,0.00022296779206953943,5.631901264190674,1.0944154262542725
0.020887894555926323,0.00025217945221811533,859.97607421875,1.0317857265472412
0.009638164192438126,0.0004024289664812386,6.18218469619751,0.46178674697875977
0.019425008445978165,0.00024955766275525093,221.17758178710938,0.9587725400924683
0.0192144513130188,0.00017017161007970572,15.31767463684082,0.9522140026092529
0.020524121820926666,0.00016486880485899746,34.81924057006836,1.0179626941680908
0.016856659203767776,9.719305671751499e-05,5.7457594871521,0.8379732966423035
0.014198282733559608,6.570095138158649e-05,323.9234313964844,0.7066290974617004
0.01080280914902687,5.517229874385521e-05,3.9864490032196045,0.5373818278312683
0.0149144995957613,8.826893463265151e-05,1.1654900312423706,0.7413115501403809
0.014733316376805305,5.93972799833864e-05,3.7858328819274902,0.7336959838867188
0.01768285408616066,6.933049735380337e-05,13.484491348266602,0.8806761503219604
0.015503299422562122,6.917260179761797e-05,17.96422004699707,0.7717063426971436
0.011836965568363667,6.093718911870383e-05,7.342028617858887,0.5888014435768127
0.010184871964156628,8.59169740579091e-05,0.9998829960823059,0.5049477219581604
0.011440785601735115,7.790823292452842e-05,12.084198951721191,0.568143904209137
0.009551990777254105,8.660650928504765e-05,9.919818878173828,0.4732692241668701
0.009372862055897713,8.686706132721156e-05,1295.0850830078125,0.464299738407135
0.011896565556526184,7.806673238519579e-05,26.417882919311523,0.5909249186515808
0.012325339950621128,0.00011827868002001196,2.113645076751709,0.6103530526161194
0.009512102231383324,0.00013382855104282498,25.02237319946289,0.4689137041568756
0.006385995540767908,0.00015046383487060666,4.248854637145996,0.3117765784263611
0.007450770121067762,0.00017107529856730253,6.951331615447998,0.36398476362228394
0.007989116944372654,0.00026611238718032837,1.5508315563201904,0.3861502408981323
0.006873541045933962,0.00027817965019494295,13.22453498840332,0.3297680914402008
0.005054298788309097,0.0006518451264128089,0.00013992830645292997,0.22012268006801605
0.0045160758309066296,0.00036377820651978254,0.2068662792444229,0.20761488378047943
0.004316650331020355,0.0008226116187870502,0.016379157081246376,0.17470194399356842
0.006725692190229893,0.0003136869054287672,0.06242729350924492,0.3206002712249756
0.006207894999533892,0.001336737652309239,0.08153568208217621,0.243557870388031
0.012948953546583652,0.0005002331454306841,0.27589863538742065,0.6224360466003418
0.007143909111618996,0.0011117120739072561,0.5254385471343994,0.3016098439693451
0.006685999687761068,0.000538045831490308,0.8345617055892944,0.3073976933956146
0.00881862174719572,0.0007158039370551705,345.06268310546875,0.40514087677001953
0.018766557797789574,0.0008753043948672712,1.4062775373458862,0.8945627212524414
0.007699383422732353,0.0007554780459031463,0.30762821435928345,0.34719526767730713
0.005897660739719868,0.0005508858012035489,0.11425095051527023,0.26733875274658203
0.011238837614655495,0.0003342109848745167,207.61329650878906,0.5452313423156738
0.0053709279745817184,0.0006632634322158992,1.1145660877227783,0.23538324236869812
0.007292914669960737,0.0005535780219361186,7.086131572723389,0.3369668424129486
0.0035454281605780125,0.0003574029542505741,3.232454538345337,0.15940126776695251
0.0033264171797782183,0.0006545358337461948,1.9078168869018555,0.1335940659046173
0.00828712061047554,0.0006639801431447268,12.38303279876709,0.3811570405960083
0.0032800936605781317,0.00042588013457134366,0.6669638156890869,0.14271068572998047
0.0040852827951312065,0.0004456002789083868,0.5400940775871277,0.18198412656784058
0.005488053895533085,0.0008857613429427147,0.4068443477153778,0.2301146388053894
0.006259637884795666,0.000699009164236486,3.655069351196289,0.27803143858909607
0.0029535575304180384,0.00038708699867129326,2.4885711669921875,0.1283235251903534
0.004289673641324043,0.0013073456939309835,1.267071008682251,0.1491163969039917
0.009420020505785942,0.0015269001014530659,2.3550150394439697,0.39465606212615967
0.014746060594916344,0.00048322550719603896,0.2369430512189865,0.7131417989730835
0.007991798222064972,0.0016016305889934301,0.07279132306575775,0.3195083737373352
0.010074764490127563,0.00241081602871418,0.23603293299674988,0.3831973969936371
0.0041722990572452545,0.0016653526108711958,0.19496065378189087,0.1253473311662674
0.003686515148729086,0.0008785875979810953,0.7103044390678406,0.140396386384964
0.003487057751044631,0.0009866722393780947,2.362687587738037,0.12501928210258484
0.006336616352200508,0.0005539904232136905,0.2664846181869507,0.2891313135623932
0.0034744422882795334,0.0010260853450745344,0.1596388816833496,0.12241785228252411
0.014396262355148792,0.0010011268313974142,1.0076661109924316,0.6697567701339722
0.005633191671222448,0.0011788891861215234,0.34690698981285095,0.22271513938903809
0.008366185240447521,0.0005088676116429269,0.10862436145544052,0.3928658962249756
0.01563214510679245,0.0003091792168561369,0.2998153567314148,0.7661483287811279
0.02298310399055481,0.00016603675612714142,0.3948060870170593,1.1408534049987793
0.017579402774572372,0.00032518221996724606,0.337123841047287,0.8627110719680786
0.0031823713798075914,0.0005419997614808381,0.4278896450996399,0.132018581032753
0.0036063040606677532,0.00041767070069909096,0.8936870694160461,0.15943166613578796
0.007825028151273727,0.00044416100718081,1300.0821533203125,0.36904335021972656
0.0061770956963300705,0.0007665660814382136,167.82896423339844,0.2705264985561371
0.004943197593092918,0.0009443303570151329,14.669942855834961,0.19994336366653442
0.0036621626932173967,0.0009887614287436008,61.873172760009766,0.13367006182670593
0.0039878105744719505,0.0005970220663584769,4.3311920166015625,0.1695394217967987
0.0036734361201524734,0.001157684950158,0.7133557796478271,0.12578755617141724
0.004847567994147539,0.0008846102864481509,0.2283904254436493,0.19814789295196533
0.003901699325069785,0.0005407396238297224,1.2557462453842163,0.16804799437522888
0.006825836841017008,0.0007547986460849643,1.4916858673095703,0.30355191230773926
0.004352787509560585,0.0008743540965951979,2.1341745853424072,0.17392167448997498
0.0098361074924469,0.0004891760181635618,1.2298939228057861,0.46734657883644104
0.003892983542755246,0.001784030580893159,0.8763542771339417,0.10544764995574951
0.0030804849229753017,0.000729712366592139,13.3184175491333,0.11753863096237183
0.017420070245862007,0.0008521255804225802,12.156299591064453,0.8283973336219788
0.015159795060753822,0.0007240641862154007,13.620624542236328,0.7217865586280823
0.003993341699242592,0.0005428180447779596,0.5771878361701965,0.17252618074417114
0.01157985720783472,0.0003864945028908551,1.0603612661361694,0.5596681833267212
0.00782589241862297,0.0005683451890945435,2.590768814086914,0.36287736892700195
0.007570924237370491,0.0003652099403552711,3.887866258621216,0.3602857291698456
0.009618339128792286,0.00022495313896797597,5.207046031951904,0.46966931223869324
0.009355037473142147,0.0002672192931640893,16.08807373046875,0.45439088344573975
0.006238781381398439,0.0003956860164180398,4.763559341430664,0.29215478897094727
0.009403867647051811,0.0003489033551886678,8.500550270080566,0.45274823904037476
0.008377927355468273,0.00028925336664542556,3.5826518535614014,0.4044337272644043
0.010627465322613716,0.00016807366046123207,2.0045907497406006,0.5229696035385132
0.005462265107780695,0.0003681339730974287,1.7543085813522339,0.25470656156539917
0.026249464601278305,0.0005554004455916584,5.5701775550842285,1.284703254699707
0.020432109013199806,0.000596757628954947,38.15020751953125,0.9917675852775574
0.028336046263575554,9.773073543328792e-05,1.0981454849243164,1.4119157791137695
0.03720692917704582,5.205618072068319e-05,0.18355418741703033,1.8577436208724976
0.037877339869737625,5.3603685955749825e-05,14.972996711730957,1.8911869525909424
0.03108307719230652,5.3622185077983886e-05,17.97570037841797,1.551472783088684
0.023290151730179787,4.841397822019644e-05,5.749879837036133,1.1620869636535645
0.015624769032001495,9.86333325272426e-05,2.246678113937378,0.7763068079948425
0.010114350356161594,0.0001101692978409119,0.5767248272895813,0.5002090930938721
0.010527639649808407,0.00022336788242682815,1.002713918685913,0.5152136087417603
0.01591361314058304,0.0001187260786537081,7.398438930511475,0.7897443771362305
0.019200073555111885,0.00011410507431719452,41.12796401977539,0.9542983770370483
0.013328010216355324,0.0001744145411066711,4.305643081665039,0.6576797962188721
0.006617318373173475,0.00010946796101052314,0.22092291712760925,0.3253925144672394
0.012937772087752819,0.00016209423483815044,3.104597806930542,0.6387839317321777
0.01310226321220398,0.00023278576554730535,8.174089431762695,0.6434738636016846
0.011576573364436626,0.00010905329691013321,5.541901111602783,0.5733759999275208
0.01196664571762085,0.00021027895854786038,7.011968612670898,0.5878183841705322
0.008478292264044285,0.00027778366347774863,16.444683074951172,0.4100254476070404
0.005396224558353424,0.00020882698299828917,13.507546424865723,0.2593698799610138
0.0066666509956121445,0.0003194626478943974,241.894287109375,0.31735941767692566
0.008621301501989365,0.0002039274841081351,3.26234769821167,0.42086875438690186
0.007218817714601755,0.00020539399702101946,9.41362476348877,0.3506712019443512
0.005170329939574003,0.0002486839657649398,13.894918441772461,0.24608229100704193
0.0047554331831634045,0.0001813972048694268,0.8670415282249451,0.22870180010795593
0.0038855301681905985,0.00022106533288024366,15.079896926879883,0.18322324752807617
0.0065423958003520966,0.0003814933879766613,3.7290773391723633,0.3080451190471649
0.004660041071474552,0.0004131479072384536,14.089853286743164,0.21234466135501862
0.005049681756645441,0.0009875702671706676,0.009130190126597881,0.20310558378696442
0.003929142840206623,0.0005829805741086602,1.0217972993850708,0.16730812191963196
0.010368975810706615,0.0006150418776087463,1286.880859375,0.48769670724868774
0.003673411440104246,0.0005127202603034675,17.692228317260742,0.1580345630645752
0.00314801512286067,0.0007502228254452348,0.9178884029388428,0.11988962441682816
0.0031146598048508167,0.0006609492702409625,8.022186279296875,0.1226855218410492
0.004195437766611576,0.0013513935264199972,1.614039421081543,0.142202228307724
0.0023722832556813955,0.0009337655501440167,3.7370243072509766,0.07192588597536087
0.007174748461693525,0.0006572843412868679,4.0336809158325195,0.3258732259273529
0.00300584826618433,0.0007548900321125984,8.720354080200195,0.11254791915416718
0.0018787323497235775,0.001012158114463091,2.5315544605255127,0.04332870990037918
0.0026129598263651133,0.0013705961173400283,1.4615938663482666,0.06211818754673004
0.006046357564628124,0.0023749293759465218,0.814800500869751,0.18357142806053162
0.025068238377571106,0.0004552320169750601,0.11975807696580887,1.2306503057479858
0.030545853078365326,0.0009149253601208329,0.21961970627307892,1.481546401977539
0.008370463736355305,0.0010919146006926894,2.0369720458984375,0.3639274835586548
0.00867878831923008,0.0005795531906187534,1.58327317237854,0.4049617648124695
0.018936241045594215,0.00030267314286902547,1.3093959093093872,0.9316784143447876
0.014214841648936272,0.00024311516608577222,2.450209140777588,0.6985863447189331
0.026780743151903152,0.0001408773532602936,0.6116875410079956,1.3319933414459229
0.01880464144051075,0.0001653052750043571,9.66990852355957,0.9319667816162109
0.009810036048293114,0.0005690254038199782,0.24402736127376556,0.46205055713653564
0.0076089478097856045,0.0003687537391670048,0.8237413763999939,0.3620097041130066
0.004481627140194178,0.00029408748378045857,463.6031188964844,0.2093769907951355
0.006651853211224079,0.0007987944409251213,1.0974277257919312,0.2926529347896576
0.00675151078030467,0.0003250514273531735,2.192417860031128,0.3213229775428772
0.007739271502941847,0.00021130067761987448,7.055510997772217,0.3763985335826874
0.0033059543929994106,0.0004241971764713526,4.867443561553955,0.14408786594867706
0.0033750925213098526,0.0002929082838818431,9.021082878112793,0.15410920977592468
0.0028994670137763023,0.0005697429878637195,0.6427101492881775,0.11648620665073395
0.0023099747486412525,0.00046429381472989917,1.4348000288009644,0.09228404611349106
0.0034060203470289707,0.0004223646828904748,1066.27001953125,0.14918279647827148
0.004148072097450495,0.000931127869989723,0.47818538546562195,0.16084721684455872
0.004815690219402313,0.0004962951643392444,1.265424370765686,0.2159697413444519
0.006747561041265726,0.0008713584393262863,1.8282904624938965,0.2938101291656494
0.004066248424351215,0.0006829784833826125,4.979306221008301,0.16916349530220032
0.005578047130256891,0.001077843364328146,2.4942855834960938,0.2250102013349533
0.0035911640152335167,0.0006949312519282103,2.2427682876586914,0.14481164515018463
0.004589411895722151,0.0007347221253439784,10.925628662109375,0.192734494805336
0.0031926194205880165,0.0005820641526952386,1.1528109312057495,0.13052776455879211
0.004098095465451479,0.0014729596441611648,0.11058962345123291,0.13125678896903992
0.021002642810344696,0.0009326825384050608,0.7058594226837158,1.0034980773925781
0.0025586679112166166,0.0005928945611231029,1.3682821989059448,0.09828867018222809
0.00863589346408844,0.00028649100568145514,1.9984561204910278,0.41747015714645386
0.00971390213817358,0.0007522868691012263,1.6431195735931396,0.44808077812194824
0.003921667113900185,0.0004193790955469012,3.516146183013916,0.17511439323425293
0.003734804689884186,0.00043795016244985163,1404.7135009765625,0.16484272480010986
0.003684879280626774,0.0006388060282915831,0.410785436630249,0.15230366587638855
0.0027542568277567625,0.0002348983834963292,106.5601806640625,0.12596791982650757
0.004339226521551609,0.0003588602994568646,11.400269508361816,0.19901829957962036
0.001119983964599669,0.0002322171931155026,21.78908920288086,0.044388338923454285
0.0016323528252542019,0.00045470494660548866,17.194965362548828,0.058882396668195724
0.0017592987278476357,0.0003264812985435128,42.69001388549805,0.07164087146520615
0.01012328453361988,0.00044198130490258336,47.90481185913086,0.4840651750564575
0.017619486898183823,9.891005174722522e-05,0.6647163033485413,0.876028835773468
0.013603514060378075,0.0003830369096249342,0.5260048508644104,0.6610238552093506
0.0015616010641679168,0.00040648088906891644,2.7502481937408447,0.05775601416826248
0.0025205216370522976,0.0003828753833658993,0.4434015154838562,0.10688231885433197
0.011873040348291397,0.0002896935911849141,0.3186536729335785,0.579167366027832
0.007031984627246857,0.0002091282221954316,0.49129974842071533,0.34114283323287964
0.005822411738336086,0.00026999658439308405,1.7636884450912476,0.27762076258659363
0.003891552798449993,0.000490170088596642,0.9397956728935242,0.1700691431760788
0.005357677116990089,0.00022265122970566154,1.01519775390625,0.25675129890441895
0.009203746914863586,0.00018145621288567781,4.750496864318848,0.4511145353317261
0.009936174377799034,0.00018526088388171047,10.375272750854492,0.4875456988811493
0.004611304495483637,0.00022140273358672857,3.0692403316497803,0.21949508786201477
0.006271641235798597,0.0004935156321153045,126.76312255859375,0.2889062762260437
0.0052833594381809235,0.0003727978328242898,0.04454914107918739,0.24552810192108154
0.002159831579774618,0.0011332167778164148,0.1784781962633133,0.05133073776960373
0.003987759817391634,0.000740121933631599,0.8993300199508667,0.16238188743591309
0.001996065955609083,0.0006041977321729064,2.3530519008636475,0.0695934072136879
0.0033925476018339396,0.002387657295912504,0.3746991753578186,0.050244513899087906
0.011585483327507973,0.0018720566295087337,3.812678813934326,0.48567134141921997
0.0028164261020720005,0.0009265639819204807,1.7492836713790894,0.09449310600757599
0.007329476531594992,0.002616533078253269,0.7613316774368286,0.23564718663692474
0.03767968341708183,0.00026851455913856626,0.3142071068286896,1.8705583810806274
0.025171887129545212,0.0004989068256691098,1.8057423830032349,1.2336490154266357
0.020625894889235497,0.0006586631643585861,1.9654030799865723,0.9983616471290588
0.0008575898827984929,0.00031646035495214164,1.0748636722564697,0.02705647423863411
0.018158886581659317,0.0001389356330037117,1.0886262655258179,0.900997519493103
0.018048366531729698,0.00030028962646611035,0.8230153322219849,0.8874038457870483
0.006520411930978298,9.767631127033383e-05,0.7083804607391357,0.32113680243492126
0.009846840985119343,0.0002926229208242148,0.2943812310695648,0.47771093249320984
0.0043284157291054726,0.00042946505709551275,0.29213348031044006,0.19494754076004028
0.006559842266142368,0.0001992520410567522,0.17653611302375793,0.318029522895813
0.009488738141953945,0.00018334531341679394,0.10029042512178421,0.46526962518692017
0.010210947133600712,8.058286766754463e-05,150.91607666015625,0.5065182447433472
0.010808685794472694,0.0002127317275153473,114.91410827636719,0.5297977328300476
0.00980623159557581,0.00011491239274619147,0.03113771788775921,0.48456600308418274
0.012225146405398846,9.576958836987615e-05,0.4480269253253937,0.6064688563346863
0.010891626589000225,0.0001246052561327815,0.2988159954547882,0.5383510589599609
0.0114658297970891,0.0001304845791310072,0.8500939011573792,0.5667672753334045
0.01075932290405035,9.132975537795573e-05,0.029260871931910515,0.5333996415138245
0.012066811323165894,9.160807530861348e-05,1.4929990768432617,0.598760187625885
0.011792934499680996,7.531257142545655e-05,1.0995855331420898,0.5858811140060425
0.009461753070354462,8.856124622980133e-05,0.8815581798553467,0.46865957975387573
0.012099663726985455,0.00019892322598025203,0.1610194593667984,0.595037043094635
0.011594783514738083,0.00012984941713511944,0.16118434071540833,0.5732467174530029
0.0077028581872582436,0.00014822129742242396,0.5112107992172241,0.3777318596839905
0.011798562481999397,7.786365313222632e-05,0.5520427823066711,0.5860349535942078
0.009575982578098774,0.00016646808944642544,0.08775055408477783,0.4704757332801819
0.008356019854545593,0.0003355986555106938,0.08774638175964355,0.4010210633277893
0.00914867501705885,0.0002399099466856569,0.19205833971500397,0.4454382658004761
0.007010060828179121,0.00039419677341356874,0.12275468558073044,0.33079320192337036
0.008412451483309269,0.00031377666164189577,2.649395704269409,0.40493375062942505
0.006047050468623638,0.00037947797682136297,2.5190181732177734,0.28337863087654114
0.011041401885449886,0.0003810495254583657,5.634704113006592,0.533017635345459
0.021461747586727142,0.000458429625723511,0.49418163299560547,1.0501658916473389
0.006268781144171953,0.00022066905512474477,0.018915094435214996,0.30240562558174133
0.011557718738913536,6.484442565124482e-05,0.12118072062730789,0.5746437311172485
0.025097906589508057,0.00013968390703666955,0.5507040619850159,1.2479112148284912
0.006499513052403927,0.000704027886968106,0.3836674690246582,0.2897742688655853
0.012414583005011082,0.0005690687685273588,3.8789031505584717,0.5922757387161255
0.0017144093289971352,0.0005941150593571365,13.832023620605469,0.05601471662521362
0.01559570524841547,0.0003504118067212403,1.092140555381775,0.7622646689414978
0.0056824153289198875,0.0004266907926648855,1.1579214334487915,0.26278620958328247
0.005279507953673601,0.0009376796660944819,0.048683952540159225,0.2170914113521576
0.004235255531966686,0.0006433604285120964,0.11196213215589523,0.1795947551727295
0.02020234242081642,0.0002214086416643113,0.14341972768306732,0.9990467429161072
0.007063159719109535,0.0006430280045606196,0.23638974130153656,0.3210065960884094
0.009941908530890942,0.00022832673857919872,0.5249683260917664,0.48567909002304077
0.0017432222375646234,0.0004227092722430825,1.2206063270568848,0.06602565199136734
0.005172291304916143,0.001146589289419353,0.876624584197998,0.20128510892391205
0.016957910731434822,0.0006594513542950153,2.0149288177490234,0.8149230480194092
0.012760343961417675,0.0014558534603565931,1.0682158470153809,0.5652245283126831
0.011058693751692772,0.0009007641347125173,2.0562543869018555,0.5078964829444885
0.003876868635416031,0.0011521833948791027,3.425506353378296,0.13623426854610443
0.0016520218923687935,0.00022817008721176535,0.513713002204895,0.07119259238243103
0.009178539738059044,0.00025579723296687007,5.524868965148926,0.44613713026046753
0.012822962366044521,0.00028647392173297703,5.375802516937256,0.6268244385719299
0.03215229511260986,0.0001310069637838751,0.2809571623802185,1.6010644435882568
0.027178244665265083,0.0002153734239982441,0.00048409364535473287,1.3481435775756836
0.0181075818836689,0.00017540674889460206,0.5030415058135986,0.8966087102890015
0.0017938583623617887,0.0006285359268076718,155.03468322753906,0.05826612561941147
0.00694431085139513,0.00032101222313940525,0.8465118408203125,0.3311649560928345
0.007714616134762764,0.0007414083229377866,0.791893482208252,0.348660409450531
0.008045820519328117,0.0003382079303264618,1.1546828746795654,0.3853806257247925
0.0035564217250794172,0.00040894417907111347,5.041384220123291,0.15737387537956238
0.004867733921855688,0.0002231764665339142,1.38410222530365,0.2322278767824173
0.001952941413037479,0.00032406486570835114,1.6803826093673706,0.08144383132457733
0.0034103570505976677,0.00048289253027178347,0.902539074420929,0.1463732272386551
0.002692683134227991,0.0003412528894841671,0.5654306411743164,0.11757151782512665
0.0029979865066707134,0.00022513058502227068,267.79168701171875,0.1386427879333496
0.004150252789258957,0.0004388885572552681,151.95498657226562,0.1855682134628296
0.0042305695824325085,0.00040017705759964883,1.4200986623764038,0.1915196180343628
0.003547895001247525,0.00042930099880322814,3.9669930934906006,0.15592969954013824
0.0026560258120298386,0.00017054166528396308,0.4527986943721771,0.12427420914173126
0.0020063950214535,0.0001130272721638903,0.9170408248901367,0.09466839581727982
0.0024494044482707977,0.00035548050072975457,0.25656911730766296,0.10469619929790497
0.003143326612189412,0.0007630418986082077,0.3452419638633728,0.11901423335075378
0.006474135909229517,0.00033145060297101736,0.2922547161579132,0.3071342706680298
0.010753113776445389,0.00021724980615545064,0.44828057289123535,0.5267932415008545
0.006741918623447418,0.00040804711170494556,0.17434050142765045,0.31669360399246216
0.004203140269964933,0.00025851791724562645,235.86642456054688,0.19723112881183624
0.0061632138676941395,0.0006552660488523543,0.5327473282814026,0.275397390127182
0.004904276225715876,0.0007517480407841504,3.3214399814605713,0.20762640237808228
0.008924504742026329,0.00011786706454586238,0.22805139422416687,0.4403318762779236
0.01939728669822216,6.831357313785702e-05,0.545515775680542,0.9664486050605774
0.022831900045275688,2.319590566912666e-05,0.1688743531703949,1.1404352188110352
0.002506489399820566,0.0002022482658503577,0.027211999520659447,0.11521205306053162
0.004868438001722097,0.0005742601351812482,0.013430453836917877,0.21470889449119568
0.010860729031264782,0.0009748924640007317,0.0003506560460664332,0.49429184198379517
0.00321163609623909,0.0005609818617813289,0.015369807370007038,0.13253271579742432
0.0024584282655268908,0.0003822459257207811,0.08261796087026596,0.10380911827087402
0.00634411908686161,0.0005428744480013847,0.17072749137878418,0.2900622487068176
0.007759797852486372,0.000264110101852566,0.11334283649921417,0.3747844099998474
0.003778877668082714,0.0002474588109180331,1.5192842483520508,0.17657095193862915
0.0010080767096951604,0.00030755976331420243,492.5389404296875,0.03502584993839264
0.0036951210349798203,0.0006573620485141873,0.009404970332980156,0.1518879532814026
0.007200096733868122,0.0019050908740609884,0.09578047692775726,0.26475030183792114
0.002993181115016341,0.0008843375835567713,0.39305123686790466,0.10544218122959137
0.002280685817822814,0.0009971815161406994,4.463836193084717,0.06417521834373474
0.0012357982341200113,0.00043612823355942965,239.36764526367188,0.03998349979519844
0.006674529518932104,0.0004503591626416892,11.42081069946289,0.3112085163593292
0.002809913596138358,0.0009728060686029494,0.7203353047370911,0.09185537695884705
0.006424684543162584,0.0014109566109254956,227.63427734375,0.2506864070892334
0.0015309054870158434,0.0009573791176080704,0.6419138312339783,0.028676319867372513
0.0018975313287228346,0.0011586389737203717,0.7739130258560181,0.03694462031126022
0.011152851395308971,0.00016885806689970195,0.041710108518600464,0.5491997003555298
0.0009656811598688364,0.00014210320659913123,2.996281862258911,0.04117889702320099
0.003916713409125805,0.0005207026842981577,0.15463323891162872,0.1698005348443985
0.005173917859792709,0.002103396225720644,0.0404173918068409,0.15352609753608704
0.011206304654479027,0.0006108193192631006,0.013427586294710636,0.5297743082046509
0.008624657057225704,0.0005305482191033661,0.24736028909683228,0.4047054350376129
0.011205645278096199,0.00029868289129808545,0.2601507604122162,0.5453481674194336
0.00853093434125185,0.0011279555037617683,0.0820009708404541,0.3701489567756653
0.0011866390705108643,0.0005236050928942859,0.014281872659921646,0.03315170109272003
0.017630409449338913,0.0004983881954103708,1.6399770975112915,0.8566011190414429
0.04157783463597298,2.1343668777262792e-05,0.07046803086996078,2.077824592590332
0.04555681347846985,1.2198758668091614e-05,0.03196665644645691,2.277230739593506
0.04530959576368332,1.1536084457475226e-05,1.5376088619232178,2.2649030685424805
0.0439147874712944,1.0202413250226527e-05,0.16357947885990143,2.1952292919158936
0.041944846510887146,1.5305904526030645e-05,0.16887708008289337,2.0964770317077637
0.03587500378489494,2.8750910132657737e-05,0.28057369589805603,1.7923126220703125
0.02962600067257881,4.20512878918089e-05,0.5302732586860657,1.4791975021362305
0.013567345216870308,0.00021077832207083702,0.0867185965180397,0.667828381061554
0.024285560473799706,0.00013162597315385938,0.1340796798467636,1.207696795463562
0.036572784185409546,7.439524051733315e-05,0.27582234144210815,1.8249194622039795
0.03621350973844528,3.861626464640722e-05,0.09781274199485779,1.8087447881698608
0.0321415439248085,6.828599725849926e-05,219.61390686035156,1.6036629676818848
0.025412268936634064,4.462944343686104e-05,1.1778526306152344,1.2683820724487305
0.018466779962182045,8.118351979646832e-05,202.0853271484375,0.9192798733711243
0.014932691119611263,9.544288332108408e-05,729.402099609375,0.741862416267395
0.015370536595582962,6.229728751350194e-05,288.3866882324219,0.7654119729995728
0.019362404942512512,4.190189793007448e-05,2.133167028427124,0.966025173664093
0.0227530375123024,3.672418824862689e-05,12.407293319702148,1.1358157396316528
0.024137325584888458,3.108553937636316e-05,1.4506045579910278,1.2053120136260986
0.024226075038313866,2.0872073946520686e-05,0.7870423197746277,1.2102601528167725
0.02452540583908558,1.8205759261036292e-05,14.773056030273438,1.2253600358963013
0.02463054098188877,1.6321731891366653e-05,6.5334343910217285,1.2307109832763672
0.023911477997899055,1.9627143046818674e-05,1.2279847860336304,1.1945925951004028
0.02262832410633564,2.221428439952433e-05,13.138163566589355,1.130305528640747
0.02075689472258091,2.9048524083918892e-05,3.302828073501587,1.036392331123352
0.01951921358704567,2.5834709958871827e-05,1.0150072574615479,0.9746689796447754
0.01783505268394947,3.433970778132789e-05,0.8375401496887207,0.8900356888771057
0.017382968217134476,2.613447213661857e-05,4.27444314956665,0.8678417205810547
0.01565750688314438,3.1729832699056715e-05,7.363966464996338,0.7812888622283936
0.016758650541305542,1.9738694390980527e-05,307.340576171875,0.8369455933570862
0.015801439061760902,1.5203684597508982e-05,0.9415323138237,0.7893118262290955
0.016771391034126282,1.5789661119924858e-05,14.407496452331543,0.8377801179885864
0.01796860061585903,1.6056623280746862e-05,6.996572017669678,0.8976272940635681
0.016399627551436424,2.0714312995551154e-05,0.2668279707431793,0.8189456462860107
0.016811812296509743,1.1022742910427041e-05,1.9188741445541382,0.8400394320487976
0.01699022389948368,1.7353346265736036e-05,6.067173004150391,0.8486434817314148
0.01614738255739212,2.320435487490613e-05,10.642005920410156,0.8062089085578918
0.016059262678027153,2.2003057893016376e-05,17.85977554321289,0.8018630146980286
0.015241668559610844,2.098783807014115e-05,0.05751843750476837,0.7610340118408203
0.014905371703207493,2.73898767773062e-05,7.003032207489014,0.7438991069793701
0.01454106904566288,2.381342346780002e-05,29.058406829833984,0.7258628010749817
0.015314368531107903,2.0976081941626035e-05,8.237873077392578,0.76466965675354
0.014149956405162811,1.742681342875585e-05,778.4359130859375,0.7066264748573303
0.015845302492380142,2.1454472516779788e-05,681.6538696289062,0.7911924719810486
0.015627088025212288,1.5471250662812963e-05,1.829503059387207,0.7805808186531067
0.015458953566849232,9.011257134261541e-06,276.63812255859375,0.7724971175193787
0.016017645597457886,2.1156167349545285e-05,3.5486278533935547,0.7998244762420654
0.01549342181533575,2.829322693287395e-05,13.488017082214355,0.7732564210891724
0.01403395738452673,1.8073551473207772e-05,9.125741958618164,0.7007942199707031
0.013549343682825565,1.4478291632258333e-05,11.518598556518555,0.6767432689666748
0.013667256571352482,2.3495455025113188e-05,1.1473650932312012,0.682188093662262
0.014536361210048199,4.176666334387846e-05,0.18695172667503357,0.7247297167778015
0.01442073192447424,3.943108458770439e-05,9.024600982666016,0.7190650701522827
0.012448212131857872,2.7590622266870923e-05,2.6184494495391846,0.6210311055183411
0.01271712128072977,2.839134685928002e-05,7.150052547454834,0.6344364881515503
0.013978715986013412,5.4067531891632825e-05,0.3053470253944397,0.6962324380874634
0.014089473523199558,3.503299376461655e-05,0.7320936918258667,0.7027220726013184
0.013026171363890171,6.924016634002328e-05,0.9312155842781067,0.6478465795516968
0.012377187609672546,2.984938328154385e-05,1.312965750694275,0.6173669099807739
0.013037360273301601,2.9898459615651518e-05,18.447542190551758,0.650373101234436
0.011327967047691345,1.98735451704124e-05,1.639618992805481,0.5654047131538391
0.011110066436231136,7.350637315539643e-05,0.0001488637935835868,0.5518280267715454
0.012540487572550774,0.00011600628204178065,0.5683001279830933,0.621224045753479
0.012763655744493008,0.00010115720942849293,5.8669281005859375,0.6331249475479126
0.011841473169624805,8.52049415698275e-05,5.510437965393066,0.5878134369850159
0.010975226759910583,9.679014328867197e-05,3.923489809036255,0.5439218282699585
0.011931325308978558,8.789509593043476e-05,7.547602653503418,0.5921714901924133
0.009453797712922096,8.490555046591908e-05,7.439537525177002,0.4684445858001709
0.009682681411504745,0.00013103510718792677,0.33590567111968994,0.47758230566978455
0.00978753063827753,0.00016378628788515925,0.1010705903172493,0.48118722438812256
0.010879307053983212,0.00021538356668315828,0.915274441242218,0.533196210861206
0.01014065183699131,0.00027802298427559435,2.4104971885681152,0.4931314289569855
0.009918172843754292,0.00023565272567793727,4.510661602020264,0.4841260313987732
0.00782612431794405,0.00019684029393829405,2.4585165977478027,0.3814642131328583
0.007424341514706612,0.00015459198039025068,0.4054661691188812,0.36348748207092285
0.00765194883570075,0.00013490885612554848,0.09419827908277512,0.37585198879241943
0.010525356978178024,0.0001487960253143683,1.7821787595748901,0.5188280344009399
0.006277997512370348,0.0001947023265529424,0.9223149418830872,0.3041647672653198
0.0053514717146754265,0.0003310207976028323,0.3978949785232544,0.2510225474834442
0.008731886744499207,0.00023471773602068424,0.41474413871765137,0.4248584508895874
0.004828365985304117,0.0004886748502030969,0.09060896188020706,0.2169845700263977
0.016696084290742874,0.000438632327131927,0.27418842911720276,0.8128726482391357
0.026790201663970947,5.1281815103720874e-05,0.0001392702106386423,1.3369460105895996
0.028653321787714958,1.9280843844171613e-05,0.03899265453219414,1.4317021369934082
0.029627520591020584,2.8654158086283132e-05,0.27692559361457825,1.4799432754516602
0.030683869495987892,7.366421868937323e-06,0.13937509059906006,1.533825159072876
0.031173599883913994,8.438117220066488e-06,1.7359658479690552,1.5582581758499146
0.025858180597424507,3.763116546906531e-05,0.04914941266179085,1.291027545928955
0.020312292501330376,3.541402838891372e-05,0.11765671521425247,1.0138438940048218
0.013120787218213081,0.00022320823336485773,0.008977286517620087,0.6448789834976196
0.012803332880139351,0.000220407746382989,0.9715690016746521,0.6291462779045105
0.01975097879767418,0.00018508982611820102,3.2737860679626465,0.9782944917678833
0.01802198588848114,0.00018246662511955947,3.2893896102905273,0.8919759392738342
0.014974678866565228,0.00016108850832097232,0.005169114097952843,0.7406795620918274
0.010221779346466064,0.00014670239761471748,2.477076292037964,0.5037538409233093
0.010265972465276718,0.0001063145391526632,1.2732733488082886,0.5079829096794128
0.009834825992584229,0.0001490153808845207,1.3073909282684326,0.48429054021835327
0.010714173316955566,9.381580457556993e-05,0.8034663796424866,0.5310178995132446
0.007293819449841976,9.03150939848274e-05,1334.66796875,0.360175222158432
0.00978190265595913,0.00013309592031873763,2.491055965423584,0.482440322637558
0.009524215944111347,9.40608952078037e-05,13.062081336975098,0.4715077579021454
0.008366626687347889,8.026386785786599e-05,52.39189910888672,0.41431811451911926
0.007187508512288332,3.4293942007934675e-05,9.573639869689941,0.3576607406139374
0.011593857780098915,0.00015510382945649326,3.7446184158325195,0.5719377398490906
0.010012341663241386,0.00020847466657869518,14.026917457580566,0.49019336700439453
0.00802588276565075,0.00018121680477634072,16.06770133972168,0.39223331212997437
0.007289825938642025,0.0001951690937858075,3.5147619247436523,0.354732871055603
0.007882216945290565,0.00015085627092048526,1.499627947807312,0.3865680396556854
0.004056472331285477,6.062850297894329e-05,0.1863286942243576,0.19979219138622284
0.00462284404784441,0.00014868163270875812,0.13822393119335175,0.2237081378698349
0.004502652212977409,0.00026238145073875785,0.2154604196548462,0.21201354265213013
0.005123675335198641,0.00048477030941285193,0.2857207655906677,0.23194526135921478
0.006170505192130804,0.000257424107985571,0.7348338961601257,0.2956540584564209
0.003986131865531206,0.0005137147381901741,0.26067212224006653,0.17362086474895477
0.007726927287876606,0.00033618853194639087,505.5264587402344,0.36953696608543396
0.0036029997281730175,0.0005427563446573913,0.48927974700927734,0.15301217138767242
0.00969577208161354,0.00011674095003399998,0.40994226932525635,0.4789515733718872
0.013284490443766117,0.00012162035272922367,8.4608793258667,0.6581435203552246
0.018485667183995247,2.7320636945660226e-05,0.4765605628490448,0.9229173064231873
0.017224639654159546,0.0003053801483474672,43.293697357177734,0.8459630012512207
0.009240255691111088,0.0006615313468500972,0.45071765780448914,0.428936243057251
0.004533629398792982,0.0005569230415858328,1.2913917303085327,0.1988353282213211
0.0021696737967431545,0.00030994342523626983,0.2828795611858368,0.09298652410507202
0.009439045563340187,0.0005334255984053016,0.6356961131095886,0.4452810287475586
0.016820156946778297,0.00022485452063847333,0.6475343108177185,0.8297650814056396
0.020392199978232384,0.0005125837633386254,0.1803114414215088,0.993980884552002
0.036199528723955154,0.0001327967329416424,0.15894600749015808,1.8033366203308105
0.008693021722137928,0.0003477819263935089,0.4118516743183136,0.4172619879245758
0.0013533844612538815,0.00031815876718610525,1.0777084827423096,0.051761284470558167
0.011359764263033867,0.00025168294087052345,2.4420177936553955,0.5554040670394897
0.016385845839977264,0.000208528435905464,1.7705320119857788,0.8088659048080444
0.016537796705961227,0.0003181593492627144,0.31020238995552063,0.8109819293022156
0.010712085291743279,5.5795637308619916e-05,0.09676255285739899,0.5328145027160645
0.00511915935203433,0.0005112417275086045,0.07512716948986053,0.23039589822292328
0.006294345483183861,0.002065968234091997,0.22047960758209229,0.21141886711120605
0.00341919157654047,0.002006279770284891,3.769249200820923,0.07064560055732727
0.004274128470569849,0.001635722117498517,0.9677581787109375,0.13192032277584076
0.0032153227366507053,0.0012754271738231182,0.3044787347316742,0.0969947800040245
0.00326950429007411,0.0012421577703207731,4.509399890899658,0.10136732459068298
0.0033441162668168545,0.0006788495229557157,0.5680062770843506,0.13326333463191986
0.008633634075522423,0.0002556824474595487,111.63275146484375,0.4188975989818573
0.010227981954813004,0.0006071445532143116,110.80099487304688,0.48104190826416016
0.022199276834726334,0.00014461153477896005,0.4953410029411316,1.1027332544326782
0.0030321027152240276,0.000639301841147244,0.40713629126548767,0.1196400374174118
0.0016211314359679818,0.000258447602391243,0.7561513185501099,0.06813419610261917
0.0018136505968868732,0.0007484157686121762,0.7543737888336182,0.053261738270521164
0.003615570953115821,0.0015080077573657036,0.8771686553955078,0.1053781658411026
0.011399472132325172,0.0006876533152535558,0.4044649600982666,0.5355909466743469
0.014780537225306034,0.0008221002062782645,2.1378872394561768,0.697921872138977
0.01780896820127964,0.001298751449212432,188.97607421875,0.8255108594894409
0.004138214513659477,0.0003105317009612918,0.34310901165008545,0.19138415157794952
0.013482029549777508,0.0011739188339561224,0.19977430999279022,0.6154055595397949
0.002582728862762451,0.0007754114340059459,0.6503104567527771,0.09036587178707123
0.003985174931585789,0.0008167359046638012,7.831712245941162,0.15842196345329285
0.0057610091753304005,0.0005650387029163539,0.6400279998779297,0.259798526763916
0.004817855544388294,0.0005128415068611503,2.2630882263183594,0.21525070071220398
0.007365622092038393,0.0012468871427699924,0.2082657665014267,0.3059367537498474
0.008202861063182354,0.0003663751995190978,0.7400734424591064,0.391824334859848
0.003583150450140238,0.0012476997217163444,0.16852934658527374,0.11677254736423492
0.0027007609605789185,0.0007384804775938392,0.4650854468345642,0.0981140285730362
0.005882249213755131,0.001241154270246625,1.3037998676300049,0.23205476999282837
0.004072379786521196,0.0021957624703645706,0.7524600028991699,0.09383086115121841
0.001928421901538968,0.0005454490892589092,0.20089763402938843,0.06914864480495453
0.01095806434750557,0.00019803672330453992,1.6730077266693115,0.5380014181137085
0.008455339819192886,0.0005305872764438391,0.02167249284684658,0.3962376117706299
0.016123490408062935,0.000585104338824749,4.850283622741699,0.7769193053245544
0.009515357203781605,0.003029188374057412,0.33596840500831604,0.32430845499038696
0.00562205258756876,0.0013989581493660808,1.3200814723968506,0.2111547291278839
0.0036474622320383787,0.0012110010720789433,5.443949222564697,0.12182305753231049
0.0067735216580331326,0.00017637848213780671,0.6095913052558899,0.3298571705818176
0.0016641956754028797,0.001008864608593285,0.5231208801269531,0.03276655450463295
0.0019634547643363476,0.00014595003449358046,0.7023987174034119,0.09087523818016052
0.018858278170228004,0.0005764921079389751,0.6809666156768799,0.9140893220901489
0.014110070653259754,0.0007108848658390343,2.3513593673706055,0.669959306716919
0.004696500487625599,0.00033708923729136586,1.2505191564559937,0.21797055006027222
0.0042143212631344795,0.0001917943445732817,0.7407812476158142,0.201126366853714
0.01354222558438778,9.802609565667808e-05,1.5679397583007812,0.6722099781036377
0.019676774740219116,0.0001664338051341474,1.2932733297348022,0.9755171537399292
0.011237107217311859,0.00010087726695928723,0.7464553117752075,0.556811511516571
0.0017352079739794135,0.000566209782846272,0.3630446791648865,0.05844990909099579
0.00399288535118103,0.00035792001290246844,0.00931459665298462,0.18174827098846436
0.003961724229156971,0.0002977307012770325,2.0486397743225098,0.1831996738910675
0.016725141555070877,0.0002608231152407825,5.702478408813477,0.8232159614562988
0.0015703479293733835,0.0004722720477730036,0.001712764147669077,0.054903797805309296
0.01029720064252615,0.0009726905846036971,0.7816784977912903,0.4662255048751831
0.00445551099255681,0.0003375813248567283,1.1804066896438599,0.2058964967727661
0.009208334609866142,0.0009123007766902447,0.037130989134311676,0.4148017466068268
0.0016123242676258087,0.0006217925110831857,2.190878391265869,0.04952658712863922
0.002406398532912135,0.00014490101602859795,0.6899418234825134,0.1130748838186264
0.0026417504996061325,0.0006878807325847447,0.38583290576934814,0.09769348800182343
0.0029945075511932373,0.00028677593218162656,0.5048053860664368,0.13538658618927002
0.012540292926132679,7.470652053598315e-05,0.4925271272659302,0.623279333114624
0.009944630786776543,2.0909326849505305e-05,0.6009706854820251,0.49618610739707947
0.015058144927024841,0.0001850393455242738,0.7416835427284241,0.7436553239822388
0.011674896813929081,5.936531306360848e-05,0.8475266098976135,0.580776572227478
0.010274948552250862,0.001640095841139555,0.1297244429588318,0.4317426383495331
0.002082355786114931,0.00035054117324762046,0.17583326995372772,0.0865907371044159
0.011214502155780792,0.0005221090978011489,0.5728216767311096,0.5346196889877319
0.0352601520717144,0.0005641988245770335,8.599485397338867,1.734797716140747
0.03259579837322235,0.0002614644472487271,1.3013995885849,1.6167168617248535
0.025733521208167076,0.0003704339324031025,1.9094021320343018,1.2681543827056885
0.01572411134839058,0.0002306041424162686,1.554030418395996,0.7746753692626953
0.006191504653543234,0.00033510130015201867,1.0024040937423706,0.29282015562057495
0.002978019416332245,0.00016980571672320366,1.8635402917861938,0.14041069149971008
0.004776833113282919,0.0004743034369312227,0.023954110220074654,0.21512648463249207
0.009438415057957172,0.00014918965462129563,0.407897025346756,0.4644612669944763
0.008227409794926643,0.0003089332312811166,0.6029955744743347,0.39592379331588745
0.004717213101685047,0.00039379330701194704,1.739984393119812,0.21617098152637482
0.002537415362894535,0.0002913420321419835,1.3669769763946533,0.11230365931987762
0.0032906029373407364,0.00033714139135554433,5.09323787689209,0.1476730853319168
0.003167969873175025,0.0002964652085211128,8.129766464233398,0.14357523620128632
0.0035419624764472246,0.0002580772270448506,9.480697631835938,0.1641942709684372
0.003235309384763241,0.0003503625048324466,3.232429265975952,0.14424735307693481
0.0018969456432387233,7.800175808370113e-05,0.6754639148712158,0.09094719588756561
0.014022419229149818,8.874954073689878e-05,7.350282192230225,0.6966835260391235
0.004748613107949495,0.00010292729712091386,8.673033714294434,0.2322842925786972
0.0013694000663235784,0.00017342096543870866,2.1816279888153076,0.0597989559173584
0.0015909794019535184,0.00012861585128121078,2.669952869415283,0.0731181800365448
0.003444875357672572,9.196346218232065e-05,1.2512092590332031,0.16764560341835022
0.001590873347595334,0.0004573177429847419,0.00012640537170227617,0.05667778104543686
0.0017353500006720424,0.00018709406140260398,0.5032069087028503,0.07741279900074005
0.004490712191909552,0.0007806664798408747,0.05155511200428009,0.185502290725708
0.0015201339265331626,0.00018911990628112108,1.146602749824524,0.06655070185661316
0.006000444758683443,0.0006408379413187504,0.8877321481704712,0.26798033714294434
0.0021155860740691423,0.00011395057663321495,0.6566439867019653,0.10008177161216736
0.003415775950998068,0.0006557155284099281,0.7817050218582153,0.13800302147865295
0.0017920327372848988,0.0004750083608087152,2.973559617996216,0.06585121899843216
0.0016949139535427094,0.00036328122951090336,5.47657585144043,0.06658163666725159
0.0008665310451760888,0.00013899931218475103,0.6033827066421509,0.03637658804655075
0.010934675112366676,0.00015429734776262194,5.662928581237793,0.5390188694000244
0.005927632097154856,0.0006578190950676799,0.03379533812403679,0.2634906470775604
0.001474251737818122,0.00023029436124488711,0.9945290088653564,0.06219787523150444
0.007439009379595518,0.00042810244485735893,0.017544956877827644,0.35054534673690796
0.005829072557389736,0.0016803466714918613,1.2057571411132812,0.20743630826473236
0.010258551687002182,0.0002592515083961189,0.5801082253456116,0.49996504187583923
0.0020332748536020517,0.0001854417787399143,3.407203435897827,0.09239166229963303
0.0007005524821579456,0.00017736133304424584,13.03527545928955,0.026159558445215225
0.00173542695119977,0.0004568321746774018,1.0039690732955933,0.0639297366142273
0.015804147347807884,0.00023090105969458818,1.5870760679244995,0.7786623239517212
0.004992401227355003,0.00018274295143783092,3.555661201477051,0.240482896566391
0.0022217994555830956,0.00024639087496325374,5.19271993637085,0.09877042472362518
0.001739822095260024,0.0007115817279554904,0.8936201333999634,0.05141201615333557
0.003869964275509119,0.0006000943249091506,574.8086547851562,0.16349349915981293
0.011557609774172306,0.00016852622502483428,1.4562456607818604,0.5694541931152344
0.006629055365920067,0.0005105677992105484,87.28297424316406,0.3059243857860565
0.011189215816557407,0.0005464020650833845,1273.29541015625,0.5321406722068787
0.002569132950156927,0.0007190651958808303,19.225709915161133,0.0925033837556839
0.0036977631971240044,0.0006495091365650296,44.034969329833984,0.15241271257400513
0.0028049671091139317,0.000463607459096238,2.7647829055786133,0.11706798523664474
0.0015374973881989717,0.0001635150983929634,1.3944988250732422,0.06869911402463913
0.0008858863729983568,0.0002731299609877169,0.01150610949844122,0.030637821182608604
0.0009630238055251539,8.088024333119392e-05,0.7499964833259583,0.04410718008875847
0.0005336243193596601,0.00017860549269244075,2.356107234954834,0.017750943079590797
0.0014839214272797108,6.357821985147893e-05,125.08982849121094,0.07101716101169586
0.007448712829500437,0.0003708326839841902,0.5975228548049927,0.35389402508735657
0.009558253921568394,0.00035890773870050907,23.685794830322266,0.45996731519699097
0.0005824067629873753,0.0003140028566122055,5.40894889831543,0.013420195318758488
0.0009807657916098833,0.00020756118465214968,4.955098628997803,0.03866022825241089
0.00432371674105525,5.2288327424321324e-05,1.4398549795150757,0.2135714441537857
0.0006152666755951941,0.00012165553926024586,3.261754035949707,0.02468055672943592
0.0008514303481206298,6.404337182175368e-05,4.894434452056885,0.03936934843659401
0.0003731842734850943,9.305051935371011e-05,8.444009780883789,0.014006687328219414
0.0046195341274142265,0.00010490737622603774,24.732900619506836,0.22573134303092957
0.0013946538092568517,0.0001946786796906963,178.6183624267578,0.059998758137226105
0.0017938518431037664,0.0002315222955076024,1.46663236618042,0.07811648398637772
0.00522589823231101,0.00010683787695597857,2.153235673904419,0.25595301389694214
0.002866029040887952,0.00013963456149213016,8.034913063049316,0.13631972670555115
0.00389155768789351,0.00016898757894523442,17.647470474243164,0.18612851202487946
0.0006632793811149895,0.00011498824460431933,6.850233554840088,0.027414556592702866
0.002336168894544244,0.00013628802844323218,16.541358947753906,0.10999404639005661
0.00043424280011095107,0.00010530505824135616,15.474374771118164,0.01644688844680786
0.0009286205749958754,7.252625073306262e-05,9.868435859680176,0.042804718017578125
0.001162967411801219,0.0002000150561798364,2.9790244102478027,0.048147618770599365
0.0007692755898460746,0.00015359887038357556,1.8074244260787964,0.030783839523792267
0.0006779155228286982,5.731642886530608e-05,3.562629461288452,0.03102995455265045
0.004226180259138346,9.485935152042657e-05,5.202927589416504,0.20656605064868927
0.0039039291441440582,0.00011974605149589479,4.6900763511657715,0.18920916318893433
0.0064994473941624165,0.00013165452401153743,16.433488845825195,0.3183896541595459
0.00395262660458684,2.1212545107118785e-05,1.4255380630493164,0.19657069444656372
0.006062170024961233,3.390350320842117e-05,3.041668653488159,0.30141332745552063
0.0009928613435477018,9.721242531668395e-05,2.976418972015381,0.04478244483470917
0.0007176609942689538,0.00013014907017350197,12.699111938476562,0.029375597834587097
0.007495581638067961,7.44881690479815e-05,4.373302936553955,0.37105467915534973
0.005378346424549818,6.791960913687944e-05,23.613439559936523,0.2655213475227356
0.002393715549260378,0.0004174810601398349,1.1471575498580933,0.09881171584129333
0.0021139830350875854,0.00028768792981281877,5.3405070304870605,0.09131476283073425
0.0016261277487501502,5.54152466065716e-05,1.7510175704956055,0.07853563129901886
0.003075734246522188,0.00033406715374439955,57.052425384521484,0.13708335161209106
0.0010771574452519417,0.00027875954401679337,23.21705436706543,0.0399198979139328
0.003540452104061842,0.00031938584288582206,35.83360290527344,0.16105331480503082
0.0005137144471518695,0.00036491762148216367,763.9325561523438,0.007439841516315937
0.00044884058297611773,0.0003225753316655755,16.288049697875977,0.00631326250731945
0.0009323784615844488,8.796362089924514e-05,1.7986652851104736,0.042220741510391235
0.0005153611418791115,0.00011748996621463448,409.2303771972656,0.01989356055855751
0.0032556885853409767,0.0001827217056415975,2.0428857803344727,0.15364834666252136
0.0008616882259957492,9.603450598660856e-05,1.7324082851409912,0.038282688707113266
0.00023216493718791753,0.00017183097952511162,2.93123722076416,0.003016697708517313
0.005215727724134922,0.0004169848107267171,1.7758709192276,0.23993714153766632
0.004183017183095217,6.459927681135014e-05,1.0596390962600708,0.20592090487480164
0.001164863700978458,0.00018435504171065986,1.1848520040512085,0.049025435000658035
0.0019201820250600576,9.762663103174418e-05,2.039285659790039,0.09112777560949326
0.0005038355593569577,0.00012468654313124716,4.758145809173584,0.01895745098590851
0.02940371446311474,9.313931514043361e-05,3.444537878036499,1.4655287265777588
0.003748998511582613,2.2625699784839526e-05,98.30362701416016,0.18631863594055176
0.001461686915718019,2.4128486984409392e-05,25.96644401550293,0.07187792658805847
0.009215667843818665,8.926590089686215e-05,0.034892670810222626,0.4563200771808624
0.007459369488060474,5.518441685126163e-05,5.240983963012695,0.3702092468738556
0.007116471417248249,8.174844697350636e-05,0.1919393241405487,0.3517361581325531
0.008390632458031178,0.00011471271864138544,0.21999041736125946,0.41379600763320923
0.0019935171585530043,3.6364144762046635e-05,2.282733201980591,0.09785765409469604
0.005233796779066324,0.0007163704140111804,0.21696585416793823,0.22587132453918457
0.0007289759232662618,0.0002543632872402668,1.3911659717559814,0.023730631917715073
0.0013864308129996061,9.808960749069229e-05,0.03557951748371124,0.06441706418991089
0.004811262246221304,8.703174535185099e-05,13.686944007873535,0.23621153831481934
0.0008713776478543878,8.070361218415201e-05,8.927348136901855,0.03953370079398155
0.0005127695039846003,0.00020967272575944662,0.7940759658813477,0.015154839493334293
0.0046170479618012905,0.0003774795914068818,1.48636794090271,0.21197843551635742
0.006486418657004833,4.550383528112434e-05,0.911769449710846,0.3220457434654236
0.011883663944900036,0.0006260053487494588,0.5414104461669922,0.5628829598426819
0.004023701883852482,0.0002417749201413244,1.6800377368927002,0.1890963613986969
0.0031071044504642487,0.0012553841806948185,0.08603969216346741,0.09258601069450378
0.00202960055321455,0.0012704604305326939,10.469329833984375,0.03795700892806053
0.015083522535860538,1.0499617928871885e-05,0.23679111897945404,0.7536511421203613
0.017289267852902412,9.215146747010294e-06,17.468612670898438,0.8640026450157166
0.02376573160290718,9.963570846593939e-06,9.901423454284668,1.187788486480713
0.023637685924768448,8.969676855485886e-06,0.16918392479419708,1.1814358234405518
0.03536249324679375,5.4401734814746305e-06,7.183624744415283,1.767852783203125
0.034283347427845,6.455557013396174e-06,20.558698654174805,1.7138445377349854
0.026436787098646164,1.1276612895017024e-05,7.613955497741699,1.3212755918502808
0.0072626592591404915,0.00016321201110258698,0.3580916225910187,0.35497236251831055
0.009514396078884602,0.00018066843040287495,1113.481689453125,0.4666864275932312
0.018803227692842484,0.0002880492538679391,7.238633155822754,0.925758957862854
0.028115639463067055,0.00021443286095745862,19.207548141479492,1.3950603008270264
0.01722366362810135,0.00011928884487133473,13.134827613830566,0.855218768119812
0.006124190520495176,0.00035596921225078404,6.835238933563232,0.28841108083724976
0.008218749426305294,0.000270855613052845,30.16307830810547,0.39739468693733215
0.012095139361917973,0.00019574430189095438,22.6311092376709,0.5949697494506836
0.014423953369259834,4.7572841140208766e-05,4.2047624588012695,0.7188190221786499
0.007542972918599844,0.0003882927412632853,1.0889923572540283,0.3577340245246887
0.0031034345738589764,0.00012464646715670824,1.9505577087402344,0.14893940091133118
0.003732654033228755,0.00025958201149478555,3.106243848800659,0.17365360260009766
0.007384928874671459,0.0006773194181732833,0.19446083903312683,0.335380494594574
0.007100953720510006,0.00042788381688296795,2.0308079719543457,0.3336534798145294
0.005567842163145542,0.0003740115207619965,1.1147773265838623,0.2596915364265442
0.004869390279054642,0.00032183044822886586,18.247276306152344,0.2273779809474945
0.00468725198879838,0.00010079500498250127,0.2620689868927002,0.22932285070419312
0.003944471012800932,0.0001945168769452721,2.053614854812622,0.18749772012233734
0.007973222993314266,0.0001084308314602822,209.18345642089844,0.3932396173477173
0.0024960176087915897,0.000245420727878809,1.2007830142974854,0.11252984404563904
0.0025746277533471584,0.0005192160024307668,2.278298854827881,0.10277058184146881
0.0017982983263209462,0.0002322282816749066,2.450058937072754,0.0783035010099411
0.00824141688644886,0.0002152122906409204,42.42385482788086,0.4013102650642395
0.009499264881014824,2.5380624720128253e-05,0.5735580325126648,0.47369423508644104
0.0018930736696347594,0.0004823700583074242,0.3511451184749603,0.07053518295288086
0.0013405164936557412,7.462335634045303e-05,0.7654306888580322,0.0632946565747261
0.00804086122661829,0.00012122643238399178,4.238715648651123,0.39598172903060913
0.0036781392991542816,0.0003433633246459067,1.0462186336517334,0.16673880815505981
0.005923013668507338,0.00032295502023771405,26.932477951049805,0.2800029218196869
0.0030100420117378235,0.00014663991169072688,2.569521188735962,0.14317010343074799
0.001122514484450221,6.989067333051935e-05,1.5070514678955078,0.0526311919093132
0.0005360802169889212,3.0218267056625336e-05,1.6663336753845215,0.025293098762631416
0.007297370117157698,4.772207103087567e-05,6.82682991027832,0.3624824285507202
0.0053063444793224335,0.0004483938100747764,0.6916740536689758,0.24289754033088684
0.01296011172235012,1.3663093341165222e-05,0.5216051340103149,0.647322416305542
0.02834375575184822,1.5175708540482447e-05,0.7533429265022278,1.416429042816162
0.013017355464398861,0.0001370450045214966,8.98292419151403e-05,0.6440155506134033
0.025963226333260536,1.3734574167756364e-05,1.8008652925491333,1.2974746227264404
0.012663203291594982,1.5044650353956968e-05,92.37818908691406,0.6324079632759094
0.0022057469468563795,0.00015095641720108688,50.42204666137695,0.10273952782154083
0.002129974542185664,8.849542064126581e-05,230.87913513183594,0.10207395255565643
0.0031336599495261908,0.00011225885828025639,15.692060470581055,0.15107005834579468
0.004486947786062956,4.717880437965505e-05,5.360172271728516,0.22198843955993652
0.008881754241883755,4.176804213784635e-05,1069.8717041015625,0.4419993460178375
0.01293211430311203,0.00013771341764368117,5.0877509117126465,0.6397200226783752
0.005261722020804882,0.00023695782874710858,11.652772903442383,0.25123822689056396
0.00044619455002248287,4.6018809371162206e-05,4.656287670135498,0.020008787512779236
0.011475465260446072,0.0004119013319723308,2.375906467437744,0.5531781911849976
0.0040214103646576405,0.00017849542200565338,6.5076985359191895,0.19214574992656708
0.005183333996683359,7.037956675048918e-05,5.6682868003845215,0.2556477189064026
0.0006798373651690781,5.4695658036507666e-05,21.63096046447754,0.031257085502147675
0.0010066221002489328,0.0003375043161213398,1.3262490034103394,0.03345588594675064
0.004029770381748676,0.00024319915974047035,9.560606956481934,0.18932856619358063
0.001919928239658475,0.00017528460011817515,19.730310440063477,0.08723218739032745
0.0033118517603725195,0.00019350266666151583,35.30727005004883,0.1559174507856369
0.0007926453836262226,3.6759440263267606e-05,0.00888086948543787,0.03779429942369461
0.0014346918324008584,0.00021408595785032958,0.9758919477462769,0.061030298471450806
0.001247634761966765,7.215778168756515e-05,119.01695251464844,0.05877384543418884
0.0025462748017162085,0.00028232712065801024,0.0032209099736064672,0.11319737881422043
0.009381018579006195,4.1394654545001686e-05,3.942119836807251,0.4669812321662903
0.01242020819336176,0.0002715872251428664,0.8389204740524292,0.6074310541152954
0.001063068863004446,0.0007453574799001217,94.87761688232422,0.015885569155216217
0.004217271693050861,0.00016856874572113156,1.0604000091552734,0.20243513584136963
0.00879443809390068,0.00025823141913861036,0.7110491991043091,0.4268103241920471
0.0029880984220653772,0.00025815999833866954,19.866634368896484,0.1364969164133072
0.0016291268402710557,2.0646988559747115e-05,0.7907745242118835,0.0804239958524704
0.0007642084965482354,9.836099343374372e-05,78.8876724243164,0.03329237550497055
0.005627445876598358,0.0007844266947358847,1.203181266784668,0.2421509474515915
0.0036132594104856253,6.436329567804933e-05,1.3624190092086792,0.17744481563568115
0.02722932957112789,8.981602150015533e-06,1.057168960571289,1.3610174655914307
0.029619580134749413,3.747343271243153e-06,187.54446411132812,1.480791687965393
0.02919631078839302,3.2647617445036303e-06,16.34786033630371,1.459652304649353
0.019092289730906487,8.71762131282594e-06,4.113842487335205,0.9541786909103394
0.014681861735880375,0.00013265173765830696,1.6582791805267334,0.727460503578186
0.013117535971105099,3.2501789974048734e-05,0.25201505422592163,0.6542516946792603
0.007853472605347633,0.0004053992161061615,1.076454997062683,0.37240368127822876
0.001875997637398541,0.00033784107654355466,8.884122848510742,0.07690782845020294
0.015146593563258648,0.0003785488661378622,914.7786865234375,0.738402247428894
0.01934465579688549,0.0001656651875237003,5.675429344177246,0.9589495658874512
0.028069131076335907,0.00038412457797676325,5.132184982299805,1.3842504024505615
0.0286239143460989,0.00018973836267832667,6.627089500427246,1.4217088222503662
0.019432835280895233,0.0008431650931015611,3.9854350090026855,0.9294834733009338
0.004811294376850128,0.00017638783901929855,4.976998329162598,0.23174533247947693
0.0019973800517618656,7.021579222055152e-05,9.204061508178711,0.09635820984840393
0.0029836581088602543,0.00015384347352664918,9.664244651794434,0.14149072766304016
0.012823526747524738,0.00018515622650738806,36.422508239746094,0.6319185495376587
0.010822899639606476,5.655548375216313e-05,2.9831721782684326,0.5383172035217285
0.005279885604977608,0.00026574634830467403,0.8082665205001831,0.2507069706916809
0.0022813209798187017,0.00010922075307462364,3.285964012145996,0.10860501229763031
0.0027587986551225185,0.00040941720362752676,0.32872846722602844,0.11746907234191895
0.0010531473672017455,5.9772464737761766e-05,1.7937321662902832,0.04966874420642853
0.0009868545457720757,0.0001448433322366327,147.00184631347656,0.042100563645362854
0.0016306728357449174,0.0005871852627024055,6.336319923400879,0.05217438191175461
0.0018448804039508104,0.00025681094848550856,9.642797470092773,0.07940347492694855
0.001494364463724196,0.0001348142250208184,9.367249488830566,0.06797751784324646
0.0024174517020583153,0.000975218485109508,1.9799903631210327,0.07211165875196457
0.00353314820677042,0.001012754742987454,66.18788146972656,0.126019686460495
0.005431911442428827,0.0004297715495340526,2.578685760498047,0.2501070201396942
0.006306678522378206,0.0004290090291760862,45.135074615478516,0.29388347268104553
0.013028818182647228,0.00011335166345816106,88.26130676269531,0.6457733511924744
0.011232943274080753,0.00042982734157703817,3.954876661300659,0.5401557683944702
0.005647947546094656,8.63134628161788e-05,4.900134086608887,0.2780817151069641
0.0028702584095299244,0.0002425887796562165,8.13668155670166,0.13138347864151
0.003784682834520936,0.00011692848056554794,13.888863563537598,0.18338772654533386
0.007575659547001123,6.447940540965647e-05,17.702959060668945,0.3755590319633484
0.002188954036682844,0.0002349584538023919,6.103367805480957,0.09769977629184723
0.0024034748785197735,0.0001169639581348747,9.601325035095215,0.11432555317878723
0.003455720143392682,0.00017561636923346668,10.835299491882324,0.16400519013404846
0.001148630864918232,6.094780474086292e-05,3.8305649757385254,0.054384149610996246
0.0014702678890898824,0.0003729825548361987,1.3417572975158691,0.05486426502466202
0.002869793912395835,0.0010167796863242984,1.010130763053894,0.09265071153640747
0.005837913602590561,0.00011130445636808872,3.97444224357605,0.2863304615020752
0.004237538203597069,0.00029275042470544577,3.1985132694244385,0.19723938405513763
0.010707076638936996,0.00010646108421497047,3.6758100986480713,0.5300307869911194
0.020212961360812187,0.0003620435018092394,2.959137439727783,0.9925459027290344
0.015277160331606865,0.0004252358921803534,24.97222900390625,0.7425962090492249
0.007581469137221575,2.748012229858432e-05,1.9249849319458008,0.37769946455955505
0.0029974859207868576,0.0011796467006206512,2.5064475536346436,0.09089195728302002
0.002361744176596403,6.250028673093766e-05,0.7950389385223389,0.11496219038963318
0.002819137182086706,0.00049276661593467,1.649298906326294,0.11631853878498077
0.0021805439610034227,0.00037491784314624965,6.279511451721191,0.09028130769729614
0.0024055291432887316,0.0006650724681094289,0.0020840384531766176,0.08702283352613449
0.004430077038705349,0.00041514280019328,3.26737117767334,0.20074671506881714
0.014840580523014069,0.0003418982960283756,46.83430099487305,0.7249341607093811
0.008152179419994354,0.00014573638327419758,5.7013444900512695,0.40032216906547546
0.016931122168898582,9.675859473645687e-05,12.635193824768066,0.8417181968688965
0.002745224628597498,0.00013148266589269042,13.235432624816895,0.13068710267543793
0.0034019253216683865,0.0010798013536259532,1.965762972831726,0.11610621213912964
0.00494769774377346,0.00022458515013568103,69.45845031738281,0.23615562915802002
0.0037319420371204615,0.00010854964057216421,5.2166428565979,0.18116962909698486
0.002480560215190053,0.00024864953593350947,7.638914585113525,0.1115955337882042
0.0011448579607531428,0.000211956852581352,21.80734634399414,0.04664505645632744
0.0009519820450805128,0.00029123498825356364,7.785931587219238,0.03303735330700874
0.004480591043829918,0.0011295933509245515,64.49825286865234,0.16754987835884094
0.0012541988398879766,0.0005092903738841414,1.8681608438491821,0.03724542632699013
0.003299305448308587,0.002121363300830126,1.79593825340271,0.05889710783958435
0.0023104697465896606,0.0006458554416894913,0.13363033533096313,0.08323071151971817
0.005431400611996651,8.100620470941067e-05,1.1338963508605957,0.2675197124481201
0.0019361355807632208,0.00045459269313141704,1.112851619720459,0.07407714426517487
0.003171935910359025,0.0005354058812372386,22.90576171875,0.1318265050649643
0.00732048274949193,0.00021962160826660693,6.920184135437012,0.35504305362701416
0.0009489635704085231,0.0007407547673210502,0.10872240364551544,0.010410440154373646
0.0014137313701212406,0.00021581245528068393,3.304194211959839,0.059895943850278854
0.003674596780911088,0.0007643720600754023,5.255812644958496,0.14551123976707458
0.003629222745075822,0.00017420091899111867,2.8439149856567383,0.17275109887123108
0.0013442253693938255,0.0006538695888593793,1.5555102825164795,0.034517787396907806
0.0010186783038079739,0.00023443416284862906,7.387274265289307,0.03921220451593399
0.0017982043791562319,0.00018559102318249643,479.4896545410156,0.08063066750764847
0.003742419881746173,0.00012117561709601432,8.444160461425781,0.1810622215270996
0.005822526291012764,0.00010364966874476522,36.483314514160156,0.2859438359737396
0.0004612014163285494,0.00013112727901898324,6.420864105224609,0.016503706574440002
0.00038520185626111925,0.0001794697600416839,19.74961280822754,0.01028660498559475
0.0066166468895971775,1.0658459359547123e-05,58.15574264526367,0.330299437046051
0.012850193306803703,4.707303560280707e-06,5.35758113861084,0.6422743201255798
0.009413440711796284,0.00028629155713133514,0.8373429179191589,0.456357479095459
0.013104941695928574,1.266073013539426e-05,1.753617763519287,0.6546140909194946
0.011638025753200054,1.2569125829031691e-05,86.72478485107422,0.5812728404998779
0.01655345782637596,8.609801625425462e-06,0.5103676915168762,0.8272424340248108
0.014805556274950504,0.00044567749137058854,0.976037859916687,0.7179939150810242
0.005503463093191385,0.0009311583708040416,124.6864242553711,0.22861523926258087
0.0026137433014810085,0.000915351090952754,1331.19140625,0.08491960912942886
0.002280912594869733,0.0008750288980081677,225.7606964111328,0.07029418647289276
0.005103733390569687,0.0015938561409711838,140.7105712890625,0.17549386620521545
0.002034590346738696,0.00018215557793155313,2.613659620285034,0.09262174367904663
